from,to,distance
28152,861,0.715273
18396,17613,0.715272
17613,18396,0.715272
21953,9055,0.715269
34024,29097,0.715265
33340,33886,0.715251
34523,26441,0.715250
32866,30896,0.715232
17332,17041,0.715216
24782,25425,0.715204
11294,10151,0.715203
33759,9188,0.715198
24218,25511,0.715178
14864,17174,0.715158
17321,16995,0.715145
33774,33870,0.715117
18418,10182,0.715112
16344,15567,0.715096
32553,14670,0.715093
18848,18451,0.715093
33641,26842,0.715091
4,32359,0.715086
30363,17544,0.715075
28113,27973,0.715064
25810,20245,0.715059
16367,12807,0.715052
33815,27375,0.715044
28452,29819,0.715042
28160,29467,0.715033
31204,13842,0.715023
15415,15611,0.715020
17959,9330,0.715020
35,34524,0.714999
34052,31046,0.714998
31046,34052,0.714998
27005,31473,0.714994
17444,17445,0.714976
28225,31557,0.714975
25094,20868,0.714975
33161,28538,0.714974
28538,33161,0.714974
33139,27389,0.714972
27569,28005,0.714959
28105,30826,0.714956
31329,31458,0.714944
15455,26946,0.714941
31833,31970,0.714936
20456,20643,0.714901
22247,25952,0.714899
13070,12468,0.714886
19452,23294,0.714877
16741,17504,0.714869
12027,14414,0.714866
30056,32880,0.714866
32018,26120,0.714856
15094,12528,0.714852
27417,28604,0.714849
33995,26548,0.714842
1416,2817,0.714810
30436,32508,0.714792
33754,31991,0.714777
26858,34983,0.714769
31529,29976,0.714763
17531,34217,0.714760
17044,16997,0.714755
19894,22239,0.714750
31746,12483,0.714720
31728,31322,0.714692
22304,24462,0.714676
31160,31573,0.714667
11074,16347,0.714663
10873,10877,0.714605
13079,3789,0.714602
27288,31324,0.714587
19248,34726,0.714586
17452,32827,0.714584
19168,18164,0.714578
30508,34410,0.714573
30186,29078,0.714570
28946,29280,0.714568
4852,2980,0.714547
17375,17022,0.714537
27972,26955,0.714532
26416,35090,0.714501
28019,27633,0.714479
33359,32807,0.714476
35,27326,0.714474
29354,30765,0.714430
28251,11795,0.714420
30228,30505,0.714419
15443,14798,0.714405
35134,33017,0.714402
9345,14647,0.714400
16168,12290,0.714368
18720,18645,0.714344
26190,11280,0.714337
31501,28423,0.714335
23073,18430,0.714322
28850,29213,0.714311
29213,28850,0.714311
33628,27360,0.714275
16618,16195,0.714268
34838,32523,0.714236
35066,31366,0.714224
17202,17002,0.714221
30346,30470,0.714216
21275,18780,0.714212
23929,19510,0.714189
13602,11974,0.714180
31262,33432,0.714165
28021,16923,0.714139
27650,34799,0.714119
34472,4804,0.714091
12660,16096,0.714078
9479,8960,0.714056
33260,11704,0.714022
30133,12693,0.714008
17322,17451,0.714006
34080,29141,0.714005
29507,11838,0.713999
27685,17483,0.713993
17483,27685,0.713993
30,20,0.713991
33913,31512,0.713974
12255,19641,0.713972
16800,20090,0.713966
11079,11186,0.713955
17454,17341,0.713952
32576,26819,0.713946
25469,17927,0.713940
27943,32066,0.713936
27893,27279,0.713932
31049,29699,0.713911
28132,32995,0.713909
34902,27850,0.713896
27650,32978,0.713891
16925,17259,0.713887
14475,11392,0.713883
32647,20480,0.713859
17203,17433,0.713832
27491,9473,0.713828
11032,20911,0.713819
26650,32666,0.713817
17322,29672,0.713800
13415,15106,0.713799
34451,29413,0.713786
27197,29981,0.713771
30154,30631,0.713763
34910,29850,0.713746
17199,10780,0.713731
28067,12354,0.713712
29428,11329,0.713711
19157,19617,0.713707
26147,23991,0.713706
26490,8164,0.713676
26572,31162,0.713675
30746,8356,0.713670
29013,32005,0.713667
29792,17522,0.713639
27628,3027,0.713634
25247,18180,0.713627
26036,20789,0.713624
31272,32644,0.713623
31751,32477,0.713616
29711,10528,0.713611
12762,12350,0.713609
30124,33116,0.713608
10831,10675,0.713591
34813,30514,0.713586
15880,16201,0.713580
29273,31256,0.713546
17577,23208,0.713543
14083,18318,0.713534
27268,34083,0.713507
17201,33799,0.713505
28107,30155,0.713494
27065,32256,0.713492
34468,15755,0.713490
30997,23419,0.713468
33671,30066,0.713462
30066,33671,0.713462
28019,27883,0.713452
10924,30410,0.713441
19618,23081,0.713440
26639,34980,0.713438
34980,26639,0.713438
14268,12826,0.713433
33297,26689,0.713431
28651,1176,0.713425
25569,24232,0.713402
30518,5383,0.713399
14894,16110,0.713384
30315,20591,0.713379
3,34829,0.713378
31062,17347,0.713368
25461,24888,0.713361
11555,14569,0.713355
18902,19170,0.713345
19170,18902,0.713345
3071,2054,0.713341
9345,11950,0.713338
21037,32538,0.713337
33849,28706,0.713313
13308,15479,0.713304
34222,28935,0.713299
17199,17495,0.713292
11077,30428,0.713289
30428,11077,0.713289
28333,30349,0.713284
17270,29849,0.713281
31983,31962,0.713280
8810,16788,0.713279
35066,57,0.713237
19032,9097,0.713221
17197,17369,0.713220
26147,20352,0.713193
33130,26502,0.713193
22643,23534,0.713185
15362,10508,0.713176
26659,29314,0.713174
31084,31910,0.713161
32156,34500,0.713157
29736,29104,0.713156
15516,12763,0.713138
15880,15980,0.713134
15980,15880,0.713134
27247,15348,0.713126
32004,28705,0.713113
27533,33922,0.713089
27032,29375,0.713081
19405,18820,0.713073
2659,947,0.713069
2631,3296,0.713053
18535,18566,0.713049
32706,15463,0.713041
27403,30390,0.713021
22752,20594,0.713005
27957,32124,0.713005
27843,17488,0.712992
27703,11878,0.712992
4432,3039,0.712984
2631,29751,0.712983
26330,25605,0.712971
33774,16093,0.712965
33062,7773,0.712955
33035,33520,0.712947
10651,17155,0.712916
31716,26367,0.712911
15914,17076,0.712902
30877,17020,0.712879
10942,9268,0.712874
26396,33446,0.712842
27959,33467,0.712826
17251,17301,0.712812
17592,19510,0.712808
14149,15444,0.712771
25159,24379,0.712755
13061,5332,0.712716
17324,10693,0.712699
14703,29720,0.712694
30757,5453,0.712694
34389,30349,0.712673
15322,9997,0.712662
31177,31707,0.712642
22680,14323,0.712641
25681,22161,0.712640
13632,15917,0.712639
17106,17000,0.712627
11478,14971,0.712626
28132,34266,0.712617
31567,30435,0.712611
30475,33130,0.712610
24561,20882,0.712603
31278,27779,0.712594
32259,14179,0.712574
24477,20245,0.712555
27344,32976,0.712550
30154,30665,0.712535
29235,5493,0.712529
14097,29250,0.712517
31494,32509,0.712514
25117,24712,0.712500
14268,9173,0.712453
22463,24620,0.712453
20949,25257,0.712425
17243,16866,0.712424
31422,29963,0.712423
33827,26401,0.712420
17046,17361,0.712410
17361,17046,0.712410
31037,33667,0.712401
16594,34700,0.712393
31529,27029,0.712382
31815,27256,0.712372
27982,32820,0.712369
15493,12443,0.712358
17959,10974,0.712328
31928,31254,0.712326
27518,29115,0.712303
3756,7488,0.712289
30249,33167,0.712284
30518,2811,0.712272
15918,11508,0.712270
7633,6441,0.712263
9574,19272,0.712248
19353,18006,0.712236
27913,32120,0.712234
12721,13136,0.712234
365,4240,0.712230
13166,12611,0.712226
20916,23228,0.712219
32866,34034,0.712216
17294,17297,0.712212
26941,2730,0.712200
16801,17525,0.712189
27253,17581,0.712182
34152,34972,0.712175
34372,31832,0.712170
19138,18835,0.712167
25324,21151,0.712166
13864,13843,0.712156
17699,24666,0.712150
33806,26370,0.712142
11032,17392,0.712137
16817,17139,0.712134
27107,34925,0.712124
10793,12271,0.712115
27957,33303,0.712110
16470,17137,0.712076
7142,34723,0.712073
365,273,0.712066
32650,34240,0.712058
34734,3775,0.712057
31721,17243,0.712046
17243,31721,0.712046
24389,22506,0.712018
19559,25473,0.712011
17225,30090,0.712006
27933,29966,0.711981
28660,30571,0.711973
30310,21424,0.711969
16810,16962,0.711958
13353,9328,0.711927
16839,17170,0.711903
10148,11532,0.711901
16973,17169,0.711897
32117,26511,0.711894
27843,32123,0.711891
34506,27784,0.711874
34472,27620,0.711867
10181,34806,0.711857
28666,27076,0.711847
32008,29763,0.711823
34521,10773,0.711810
10773,34521,0.711810
28067,15973,0.711808
31453,31999,0.711803
12563,15467,0.711798
9488,16766,0.711789
19749,15788,0.711784
10301,11741,0.711783
18766,20591,0.711780
15712,10432,0.711768
33575,29239,0.711765
30224,7555,0.711763
15168,13242,0.711745
16283,12273,0.711743
31075,34179,0.711724
14209,10672,0.711719
33700,26498,0.711702
26498,33700,0.711702
20486,22677,0.711701
22677,20486,0.711701
33087,13906,0.711698
9260,14491,0.711693
34024,28106,0.711689
30776,30234,0.711685
25308,27383,0.711667
31916,33157,0.711665
33157,31916,0.711665
12876,13097,0.711654
27416,21725,0.711638
32923,5493,0.711621
31705,32670,0.711608
9759,10232,0.711585
12032,1455,0.711574
16777,16880,0.711574
31783,35057,0.711570
35057,31783,0.711570
13070,11331,0.711567
35079,31458,0.711564
34537,33853,0.711555
25264,19489,0.711542
19470,17977,0.711526
28283,27069,0.711519
33239,31560,0.711509
15415,10791,0.711509
25288,22758,0.711501
32706,11372,0.711497
9602,11833,0.711496
31655,28479,0.711487
30375,21098,0.711463
18768,18920,0.711445
30723,30818,0.711436
28698,9241,0.711433
14595,9770,0.711419
27639,31797,0.711408
11077,10877,0.711407
26615,27901,0.711400
34372,9568,0.711398
28242,32346,0.711394
25578,18298,0.711389
28104,57,0.711388
31062,11028,0.711388
27601,31087,0.711384
27989,4947,0.711382
25094,19819,0.711382
31822,27109,0.711358
31881,27416,0.711354
27416,31881,0.711354
10181,34632,0.711328
14185,11817,0.711318
34635,32848,0.711301
19780,18777,0.711292
29992,30774,0.711277
30774,29992,0.711277
34358,33539,0.711265
10742,13215,0.711235
27288,32107,0.711220
14554,15327,0.711219
31922,31237,0.711190
24661,15290,0.711180
21035,23738,0.711179
10881,11028,0.711156
34292,12523,0.711133
16985,24934,0.711120
22607,20215,0.711105
1961,49,0.711098
14930,12433,0.711081
29133,34358,0.711079
30823,32258,0.711058
9364,12451,0.711042
15096,10922,0.711023
17012,17315,0.711018
13189,32088,0.711014
15094,12774,0.711010
28050,30282,0.711001
27984,27684,0.711001
17329,2593,0.710997
17160,16844,0.710988
26726,33963,0.710988
25571,19414,0.710979
29606,32583,0.710975
27941,9553,0.710946
30930,18364,0.710937
26623,34207,0.710937
20189,22008,0.710930
15150,1310,0.710917
30425,31899,0.710916
28206,10382,0.710905
24875,18919,0.710892
17218,17109,0.710892
17109,17218,0.710892
32512,26399,0.710874
26399,32512,0.710874
10633,15853,0.710872
11196,12520,0.710867
31381,31354,0.710808
16805,17157,0.710804
31814,32411,0.710794
30923,32120,0.710792
33050,29164,0.710790
19201,14382,0.710774
19749,22034,0.710730
28311,32028,0.710724
28148,30821,0.710719
30359,32614,0.710691
27825,30951,0.710687
23956,23871,0.710684
34844,30240,0.710658
21037,34075,0.710618
33833,30896,0.710615
10333,16836,0.710610
31482,34062,0.710608
30208,27398,0.710607
20913,18095,0.710598
28908,32982,0.710590
15307,19937,0.710584
30465,15724,0.710577
16307,20942,0.710577
15040,34115,0.710573
16649,13325,0.710549
19636,22438,0.710531
15780,12944,0.710530
30966,20352,0.710516
32102,33402,0.710485
24676,27625,0.710479
17152,10460,0.710477
31815,31720,0.710472
30538,30024,0.710462
30024,30538,0.710462
28528,34648,0.710448
31460,31084,0.710433
31084,31460,0.710433
33412,34597,0.710427
19405,32649,0.710399
19031,20356,0.710379
4905,4661,0.710346
16819,32392,0.710324
11166,14313,0.710321
14289,14949,0.710319
30768,11323,0.710290
1564,32877,0.710290
33375,11684,0.710251
29081,29392,0.710236
25841,15941,0.710222
12452,11087,0.710217
13151,18700,0.710208
32854,14676,0.710202
24495,22514,0.710199
16037,12995,0.710197
30767,15912,0.710175
13251,15973,0.710165
34631,27675,0.710146
31963,33138,0.710110
32091,10735,0.710079
34103,32267,0.710069
16832,9655,0.710067
23378,25829,0.710057
9962,11446,0.710042
28414,30924,0.710028
30348,27912,0.710019
31427,30354,0.710005
30715,28919,0.710004
27354,22754,0.709997
13467,32155,0.709987
19782,21236,0.709985
28434,28369,0.709947
30888,34570,0.709945
16801,16668,0.709934
9918,13671,0.709917
13457,10200,0.709915
33586,28591,0.709910
1484,7108,0.709888
7092,11811,0.709874
31099,26753,0.709862
20605,23476,0.709854
20311,25090,0.709846
28782,16594,0.709846
27940,35034,0.709839
18768,18617,0.709836
17143,16831,0.709822
29632,17344,0.709762
17344,29632,0.709762
29940,27202,0.709752
18171,23440,0.709749
9759,29883,0.709735
29710,4595,0.709719
17290,17078,0.709719
18856,22305,0.709718
17879,15424,0.709703
25693,32253,0.709697
30777,32200,0.709689
17756,23930,0.709681
27703,28097,0.709663
18586,20558,0.709660
28589,26534,0.709658
30125,27925,0.709652
16860,17279,0.709651
16350,14313,0.709649
17012,17500,0.709643
17056,16796,0.709637
20659,21254,0.709628
28767,33393,0.709618
34246,10224,0.709608
17776,20645,0.709596
14475,13770,0.709589
18724,17693,0.709567
19636,23634,0.709556
16350,12997,0.709551
29940,30532,0.709547
28414,27307,0.709539
28027,13074,0.709529
12392,11498,0.709504
28693,31177,0.709487
10837,10731,0.709472
26363,30208,0.709464
30208,26363,0.709464
34039,26528,0.709456
14715,18275,0.709455
22391,27483,0.709450
10532,15928,0.709438
32923,26869,0.709431
29231,31188,0.709422
28160,26843,0.709414
32146,5357,0.709397
16911,23035,0.709389
28222,34676,0.709364
30124,32666,0.709363
23170,24310,0.709347
12823,10368,0.709340
17592,15115,0.709291
30958,33264,0.709287
33419,28421,0.709280
28456,26753,0.709249
28152,4942,0.709247
33462,31707,0.709237
33182,30442,0.709228
18073,9694,0.709222
28541,31148,0.709194
32233,10627,0.709185
34832,26491,0.709162
32373,8957,0.709148
31567,26782,0.709130
17540,31936,0.709127
32543,13985,0.709126
34475,29460,0.709117
30343,29905,0.709102
30436,28186,0.709052
26730,34238,0.709051
12032,9414,0.709036
28784,31567,0.709035
10924,28203,0.709025
13061,34806,0.709008
29493,27356,0.709007
19677,24528,0.709002
34226,27014,0.708995
11176,26554,0.708958
32551,30544,0.708948
27562,15942,0.708935
22607,23016,0.708918
13151,13392,0.708916
11463,15039,0.708883
34838,32106,0.708861
34219,27912,0.708861
20466,20647,0.708838
17353,17013,0.708826
33260,26943,0.708809
14660,10210,0.708806
17946,26314,0.708802
29122,29206,0.708792
29206,29122,0.708792
35067,29559,0.708790
27229,33490,0.708787
16908,32233,0.708746
17231,17038,0.708741
32956,22819,0.708736
27673,34093,0.708729
30816,28852,0.708720
33613,31868,0.708701
32737,28628,0.708688
26925,33304,0.708680
34680,29494,0.708660
15283,13415,0.708660
17060,17104,0.708659
29731,33480,0.708657
16879,29940,0.708653
9271,16876,0.708645
33074,31800,0.708642
25592,23951,0.708635
21940,22196,0.708614
31453,17445,0.708603
22106,24763,0.708594
28977,34283,0.708588
26234,19093,0.708583
17324,17500,0.708582
29302,11577,0.708568
15188,25878,0.708554
22391,27193,0.708548
17478,17003,0.708548
16765,17396,0.708546
17429,17041,0.708540
33035,27808,0.708528
22273,20192,0.708515
12082,13485,0.708468
17720,14995,0.708461
20790,21246,0.708456
17463,33487,0.708435
33487,17463,0.708435
28612,35047,0.708428
12842,16670,0.708424
16194,12100,0.708411
23590,18800,0.708384
23171,30066,0.708384
32997,27576,0.708366
30431,34861,0.708338
30310,30086,0.708332
30086,30310,0.708332
27989,29786,0.708322
10284,11905,0.708301
26577,32746,0.708294
17469,16507,0.708283
30259,33040,0.708279
26652,30861,0.708277
30262,27812,0.708237
34307,32462,0.708234
28930,28791,0.708232
28538,5108,0.708219
16209,15963,0.708209
31869,26706,0.708209
28826,27687,0.708202
33084,19923,0.708195
33083,28690,0.708139
17113,17211,0.708138
25758,23269,0.708126
28173,29566,0.708112
30679,16440,0.708110
33199,27672,0.708106
14787,12425,0.708066
32581,28400,0.708060
9275,9743,0.708052
29025,33682,0.708041
18376,18169,0.708036
29731,33155,0.708033
22185,24947,0.708018
33618,33217,0.708003
33217,33618,0.708003
21931,20472,0.707977
14864,17319,0.707977
32674,27879,0.707974
32581,32972,0.707948
26387,4172,0.707942
26562,29308,0.707902
30044,34062,0.707895
10742,13466,0.707891
17469,13014,0.707854
9962,11627,0.707854
32516,1869,0.707850
32197,12834,0.707838
18940,14616,0.707832
33003,26775,0.707811
30005,31291,0.707802
27220,29515,0.707793
15560,18039,0.707792
11178,11224,0.707790
28903,28164,0.707774
27347,12274,0.707764
32916,16717,0.707749
32674,3491,0.707734
9364,16513,0.707731
22409,19182,0.707711
29025,30878,0.707699
10966,17259,0.707687
23714,24168,0.707681
16950,17285,0.707676
23385,19672,0.707647
5,28769,0.707637
17173,16982,0.707629
30269,28123,0.707619
33323,32922,0.707618
12932,13353,0.707611
34721,13882,0.707597
14508,15589,0.707580
30433,33499,0.707569
14722,14623,0.707557
23319,18376,0.707547
32342,27808,0.707545
10425,10345,0.707538
17244,17007,0.707533
16288,15595,0.707532
12876,21251,0.707528
32010,33913,0.707527
2605,31431,0.707522
22185,19083,0.707488
30237,27194,0.707477
17870,20927,0.707469
30249,31099,0.707448
13248,17333,0.707414
34408,28533,0.707392
33243,33834,0.707388
17206,17027,0.707388
28217,26485,0.707384
26485,28217,0.707384
16945,33280,0.707376
27943,29652,0.707364
3713,6970,0.707343
30926,26534,0.707324
27913,30923,0.707320
18396,23452,0.707313
15470,10557,0.707307
30696,29351,0.707302
28183,26641,0.707289
18502,9273,0.707238
2605,26970,0.707230
29361,12708,0.707226
33645,34554,0.707191
16499,11803,0.707181
16890,20905,0.707172
17344,16969,0.707172
16969,17344,0.707172
33628,30157,0.707171
31705,29396,0.707161
9260,13505,0.707137
12548,13705,0.707120
24668,22795,0.707117
11873,10883,0.707112
31640,30746,0.707099
33050,32314,0.707087
30738,27632,0.707063
16765,9054,0.707057
16762,16785,0.707050
14101,28482,0.707025
11236,8912,0.706959
23714,21984,0.706950
34582,31697,0.706943
14894,12204,0.706915
15876,16603,0.706906
11845,17045,0.706903
27468,30889,0.706894
30889,27468,0.706894
9182,29447,0.706885
10148,13935,0.706877
24477,24754,0.706848
26674,26563,0.706843
17342,34491,0.706840
33083,34747,0.706832
33965,31112,0.706827
28064,10780,0.706823
9733,9292,0.706822
17092,16991,0.706806
20128,30719,0.706798
16272,11614,0.706789
16786,17330,0.706789
28417,16878,0.706776
31441,32224,0.706775
29937,32058,0.706766
31000,32212,0.706764
28287,31665,0.706762
16968,16840,0.706759
22322,19746,0.706758
32065,29280,0.706755
13248,13270,0.706709
32942,33437,0.706662
10673,10042,0.706649
24794,23031,0.706621
28269,30988,0.706616
23330,19035,0.706610
33348,16964,0.706606
34746,9894,0.706604
13797,13951,0.706604
34310,31212,0.706589
31272,27572,0.706588
29627,34512,0.706580
33194,29044,0.706570
34980,9808,0.706548
15455,31874,0.706506
16986,17259,0.706498
14653,17363,0.706497
21931,22449,0.706487
34143,10780,0.706482
15563,16092,0.706481
32173,33667,0.706470
33298,33322,0.706457
33322,33298,0.706457
22076,25790,0.706454
17465,17458,0.706439
12976,14196,0.706430
28589,35047,0.706419
16979,11748,0.706396
26880,32350,0.706396
32989,31439,0.706392
29914,34950,0.706391
26490,28616,0.706390
32688,32137,0.706387
20274,24506,0.706381
16875,17225,0.706365
27762,27414,0.706363
9626,33407,0.706355
33407,9626,0.706355
31093,26630,0.706342
24401,20128,0.706338
27449,32423,0.706330
29024,9473,0.706327
21940,22506,0.706316
32622,30673,0.706313
32839,16003,0.706298
30946,29279,0.706295
10947,13674,0.706293
14328,16157,0.706284
21869,22633,0.706280
4852,2435,0.706261
12041,13720,0.706221
15025,12344,0.706215
33041,32733,0.706169
21035,27679,0.706168
27846,32995,0.706145
20668,17081,0.706134
32961,33056,0.706120
20916,25513,0.706118
33562,34979,0.706102
26396,27236,0.706093
32544,27816,0.706066
9084,35052,0.706057
17128,12675,0.706056
17346,14416,0.706052
26272,19804,0.706046
19653,19804,0.706046
17454,16789,0.706044
18073,14231,0.706040
29238,32108,0.706035
27592,33678,0.706019
15112,12535,0.706014
17302,26507,0.706000
29295,8905,0.706000
29050,34419,0.705958
12041,12154,0.705904
34519,35104,0.705897
33829,32227,0.705885
17267,17443,0.705869
28584,31724,0.705861
29507,14878,0.705858
28173,26872,0.705855
32551,26373,0.705845
26521,24500,0.705838
15581,12787,0.705830
29637,30417,0.705828
14101,10244,0.705821
34143,28202,0.705819
17269,16928,0.705806
31183,27486,0.705794
33641,34981,0.705776
23073,18232,0.705768
30680,31994,0.705761
31408,18009,0.705760
13349,598,0.705754
13128,15730,0.705742
34425,29308,0.705724
16209,15083,0.705716
31918,12975,0.705715
33464,31676,0.705706
17241,12386,0.705700
29543,33789,0.705672
33789,29543,0.705672
17004,16991,0.705659
30103,15988,0.705636
18465,25385,0.705628
14181,12653,0.705626
30257,33043,0.705609
14685,11867,0.705594
15307,14196,0.705586
26712,31512,0.705582
17441,10886,0.705572
10886,17441,0.705572
16975,17378,0.705570
32461,26623,0.705556
30715,31990,0.705539
15832,34926,0.705530
29217,11845,0.705519
11845,29217,0.705519
33194,26913,0.705505
31234,17053,0.705499
30880,32802,0.705487
10793,19405,0.705485
14068,15093,0.705455
13611,12002,0.705433
31007,18906,0.705406
13457,11923,0.705394
17084,16776,0.705384
11196,13832,0.705368
22505,22802,0.705364
22076,20260,0.705346
10866,17131,0.705343
31054,26901,0.705337
16322,16624,0.705325
18670,18421,0.705321
28972,1672,0.705312
34183,6007,0.705304
15551,27839,0.705288
34322,11327,0.705282
33348,34952,0.705279
28269,34794,0.705277
12086,18888,0.705274
25870,20042,0.705254
24764,22573,0.705233
16772,9522,0.705216
17287,9520,0.705216
30030,34907,0.705205
28719,27941,0.705158
30611,27132,0.705152
32794,32950,0.705150
21219,18063,0.705147
29448,33106,0.705145
25647,19159,0.705136
32341,2208,0.705131
17945,19352,0.705130
11700,20694,0.705094
31285,30716,0.705092
9574,24961,0.705078
16037,18225,0.705057
30679,13747,0.705025
15575,14477,0.705012
30819,29518,0.705008
34551,29390,0.705006
9970,10661,0.704983
28064,34683,0.704980
16529,14189,0.704974
14189,16529,0.704974
32688,25898,0.704966
32126,29362,0.704945
22840,21155,0.704934
29899,28702,0.704910
30133,25859,0.704905
10697,10401,0.704895
15693,11603,0.704871
29287,33603,0.704822
28206,34950,0.704813
32705,9052,0.704793
27032,30177,0.704769
26340,18565,0.704769
17239,17435,0.704753
17435,17239,0.704753
25308,28097,0.704751
20902,29077,0.704718
29077,20902,0.704718
33239,34065,0.704716
24905,25923,0.704699
24776,20419,0.704699
26825,27048,0.704674
15530,11240,0.704672
16942,17309,0.704634
28339,33917,0.704629
5089,1842,0.704624
31928,34649,0.704607
30019,33672,0.704589
22333,21797,0.704588
21953,19663,0.704587
19663,21953,0.704587
17720,14294,0.704587
26025,22292,0.704579
16945,17014,0.704574
34927,33233,0.704566
34486,26726,0.704530
33003,10514,0.704527
14691,14278,0.704527
23285,24798,0.704505
13730,15374,0.704496
18607,19035,0.704478
33323,12226,0.704468
23902,24776,0.704441
24776,23902,0.704441
26521,31715,0.704439
31932,32307,0.704435
17298,10287,0.704435
10287,17298,0.704435
35114,31953,0.704424
11873,9649,0.704419
30254,34858,0.704410
10522,8983,0.704407
17115,17078,0.704395
34054,35061,0.704390
33440,28742,0.704382
29596,15575,0.704380
15575,29596,0.704380
33684,32558,0.704374
19,34425,0.704339
34425,19,0.704339
26225,23471,0.704328
10984,10583,0.704303
14732,20232,0.704303
17060,32233,0.704283
16786,17764,0.704260
29077,28417,0.704174
20274,22631,0.704153
22753,24758,0.704149
17024,21108,0.704148
22680,31321,0.704140
23264,25612,0.704096
30779,30609,0.704095
12320,27086,0.704060
27518,27087,0.704059
30758,30609,0.704056
31663,18091,0.704055
30475,32175,0.704054
34832,29786,0.704036
27639,27821,0.704013
33742,16962,0.704000
33550,27478,0.703996
24794,17195,0.703990
17287,9036,0.703969
11236,8977,0.703959
12931,18748,0.703956
3713,2947,0.703955
31932,13121,0.703952
30779,32674,0.703948
9566,11477,0.703899
17478,17204,0.703886
11364,7790,0.703872
21804,14416,0.703858
31591,29672,0.703851
33684,34454,0.703820
27610,34891,0.703803
30324,28066,0.703785
10831,11234,0.703771
33161,31579,0.703768
12915,9190,0.703752
25324,18030,0.703751
19413,18328,0.703744
18328,19413,0.703744
11463,15050,0.703738
30324,27330,0.703720
29354,32925,0.703709
13155,10975,0.703697
26949,29341,0.703697
11558,15887,0.703670
33273,29007,0.703655
9413,15377,0.703653
33498,27133,0.703645
13188,16118,0.703634
32281,34242,0.703603
17291,16995,0.703591
14155,16285,0.703552
17034,17353,0.703548
17353,17034,0.703548
35118,31665,0.703546
14302,15483,0.703518
21804,24138,0.703484
19562,10661,0.703463
31814,32319,0.703458
32794,26913,0.703438
13394,16401,0.703430
16401,13394,0.703430
31683,29607,0.703424
34434,31525,0.703421
3952,1691,0.703413
17870,24083,0.703330
30776,33871,0.703322
33322,33894,0.703297
12801,13203,0.703289
17166,12159,0.703245
17103,17051,0.703232
1484,2426,0.703231
30269,26461,0.703228
19559,24373,0.703204
33466,30497,0.703190
30653,31690,0.703182
22634,18085,0.703159
12428,27300,0.703109
10984,10888,0.703098
13839,30492,0.703097
26429,27667,0.703096
15168,10777,0.703085
17118,11522,0.703067
11522,17118,0.703067
28271,30009,0.703035
34368,35026,0.703014
12660,14068,0.702989
30723,27500,0.702982
27500,30723,0.702982
28488,32523,0.702981
32320,14916,0.702968
32486,15661,0.702950
34573,11971,0.702946
17118,14264,0.702941
17915,19951,0.702919
28792,32304,0.702917
27390,26797,0.702906
16470,17014,0.702901
32223,17378,0.702894
24218,17903,0.702880
25256,19276,0.702849
32461,32148,0.702843
33856,34399,0.702791
33457,33831,0.702744
33831,33457,0.702744
29937,33320,0.702734
17429,10693,0.702728
34452,26539,0.702722
16604,14605,0.702721
19754,19226,0.702720
31189,2981,0.702691
32194,16721,0.702691
13611,8979,0.702688
29961,28943,0.702674
16754,16884,0.702662
12762,16414,0.702652
33198,27078,0.702648
27144,34093,0.702638
19168,21856,0.702613
31221,32094,0.702611
34183,14179,0.702598
17426,16991,0.702591
22677,22001,0.702581
11176,30183,0.702575
28183,32324,0.702536
31480,10470,0.702535
14155,9898,0.702528
28679,28164,0.702523
31737,28112,0.702523
28112,31737,0.702523
22906,21879,0.702522
28121,17319,0.702522
12823,18890,0.702516
34519,29390,0.702488
24099,25526,0.702472
15885,13899,0.702437
27645,10885,0.702396
16979,14920,0.702389
25431,21212,0.702374
10187,28571,0.702345
34465,31289,0.702332
28021,17334,0.702298
28201,9529,0.702273
26812,27627,0.702228
16908,18755,0.702224
17206,17087,0.702176
15331,14368,0.702162
26760,26949,0.702159
12789,13909,0.702159
29169,31353,0.702119
10425,13938,0.702113
29585,20240,0.702106
30925,34055,0.702105
29666,34448,0.702104
13240,14968,0.702103
15876,23419,0.702083
32683,16804,0.702081
29162,31248,0.702030
16758,13469,0.701976
21152,19067,0.701969
34226,10674,0.701933
30520,30515,0.701925
15615,22144,0.701906
17376,26790,0.701888
14201,12923,0.701882
27362,28974,0.701874
28718,18927,0.701856
15439,24673,0.701849
24107,17814,0.701840
20312,23919,0.701836
10629,29838,0.701817
33509,33164,0.701815
23302,12489,0.701812
17069,16844,0.701798
11854,14896,0.701786
30019,26753,0.701780
24875,27231,0.701770
33742,33696,0.701737
27601,29609,0.701723
25256,24556,0.701719
28643,27252,0.701707
28528,27597,0.701695
12577,24411,0.701673
31486,14219,0.701666
17389,16992,0.701638
31178,30361,0.701624
34430,30818,0.701621
20433,21837,0.701592
28586,26900,0.701568
27577,1509,0.701568
34411,30395,0.701564
17375,17264,0.701533
32647,23017,0.701520
33856,9159,0.701520
33273,33941,0.701511
26651,33831,0.701490
33719,33823,0.701484
10532,35076,0.701480
35076,10532,0.701480
32699,34489,0.701472
29275,32019,0.701465
27577,2802,0.701464
17004,9277,0.701463
31869,14375,0.701455
22681,21031,0.701451
28863,17104,0.701447
28130,34619,0.701439
17231,10627,0.701438
28298,34,0.701407
20867,26156,0.701407
28895,9405,0.701388
14990,16745,0.701366
24784,24793,0.701339
30228,27018,0.701319
34322,29779,0.701307
27255,32337,0.701266
23170,19412,0.701247
13188,11013,0.701247
34198,27003,0.701240
34089,27203,0.701236
31891,34773,0.701211
16432,12515,0.701210
17125,16796,0.701205
33857,31011,0.701202
26029,21804,0.701193
34522,31864,0.701171
11128,14605,0.701117
32791,26485,0.701116
26485,32791,0.701116
29287,33931,0.701111
27885,33123,0.701060
13040,18748,0.701045
12531,14311,0.701044
27144,33529,0.701044
19500,24458,0.701023
11986,16033,0.701016
29629,17286,0.701011
17286,29629,0.701011
16869,17345,0.700992
17251,17383,0.700992
34297,32728,0.700961
31879,30612,0.700957
8783,8750,0.700939
19763,11154,0.700934
31657,1077,0.700923
16863,17319,0.700922
28211,32901,0.700911
28412,30906,0.700907
14341,1231,0.700882
18607,17847,0.700863
17376,17007,0.700834
1416,3394,0.700832
9207,25534,0.700827
16955,17437,0.700813
17441,17431,0.700776
17431,17441,0.700776
23385,23718,0.700754
28718,18832,0.700752
11767,25158,0.700739
29921,26599,0.700728
28743,17111,0.700710
34637,32844,0.700701
28992,9396,0.700678
29428,32889,0.700673
33754,30833,0.700666
27347,30353,0.700663
27877,30120,0.700657
18814,17751,0.700650
32739,32333,0.700637
32333,32739,0.700637
28289,26752,0.700629
32916,34407,0.700620
32969,26702,0.700602
31160,31580,0.700600
31976,33238,0.700598
33238,31976,0.700598
16806,16998,0.700576
28586,29864,0.700549
32246,29447,0.700532
18502,18703,0.700501
34600,32585,0.700499
12,17143,0.700490
17635,22821,0.700482
26352,28217,0.700469
29934,15646,0.700438
30880,27612,0.700412
29743,29102,0.700376
29102,29743,0.700376
26113,24470,0.700364
14791,15467,0.700349
30044,31397,0.700345
28114,27214,0.700340
14056,13694,0.700292
26941,35012,0.700279
30398,25623,0.700261
25623,30398,0.700261
34735,2388,0.700258
34235,26953,0.700256
23902,20211,0.700253
27393,10060,0.700227
34977,17118,0.700224
29992,26977,0.700217
13407,9853,0.700201
17450,17357,0.700195
31057,30290,0.700182
24668,19506,0.700176
30359,29633,0.700169
30461,27878,0.700151
16653,12427,0.700143
32451,32162,0.700140
12392,28399,0.700079
12441,16656,0.700059
31591,34052,0.700055
31403,27529,0.700041
16975,32454,0.700038
19677,15991,0.700002
13557,16292,0.699985
16292,13557,0.699985
30520,34306,0.699976
33493,33037,0.699975
15780,11502,0.699975
28495,27457,0.699952
26794,34734,0.699944
18856,22822,0.699893
13429,17663,0.699893
27449,30709,0.699887
30709,27449,0.699887
22409,24705,0.699872
29606,33597,0.699871
33835,19675,0.699867
25431,23951,0.699852
33955,30094,0.699840
30094,33955,0.699840
12801,11806,0.699822
31533,27401,0.699812
28201,17151,0.699786
34277,27603,0.699778
15283,12470,0.699774
29079,32351,0.699769
28271,28803,0.699742
33586,16393,0.699715
32966,10324,0.699694
25064,23531,0.699691
30334,34371,0.699654
33950,34916,0.699652
30538,22701,0.699645
9413,12093,0.699643
25997,16787,0.699631
2012,8214,0.699626
31751,10673,0.699564
13486,18456,0.699552
17919,22007,0.699529
24905,19399,0.699521
20629,13988,0.699477
34476,33723,0.699457
9344,13074,0.699440
25343,22524,0.699433
26033,21863,0.699428
28050,29730,0.699408
10,5817,0.699403
15012,13705,0.699391
31231,28848,0.699383
28848,31231,0.699383
21182,34961,0.699378
20398,15463,0.699375
30252,28672,0.699373
22534,22808,0.699368
29922,7944,0.699358
15644,10046,0.699353
32099,9473,0.699351
16763,1997,0.699334
20312,28269,0.699299
15644,18330,0.699290
13,16657,0.699281
22753,24311,0.699246
30512,34441,0.699241
25911,22470,0.699234
3515,2811,0.699220
19450,19110,0.699213
24107,23527,0.699208
18933,18411,0.699179
15153,14353,0.699144
30623,28810,0.699133
32281,30420,0.699111
34580,16099,0.699109
16949,17352,0.699102
18138,32960,0.699065
27751,29334,0.699063
25365,23716,0.699057
35134,31707,0.699055
29298,16994,0.699042
31111,28583,0.699039
29921,33146,0.699037
33146,29921,0.699037
15710,15532,0.698998
22505,26038,0.698989
27533,33918,0.698975
31178,27704,0.698974
17756,20248,0.698965
12252,10441,0.698947
12252,10652,0.698947
33775,34543,0.698935
34176,15388,0.698928
33061,15352,0.698915
21955,12032,0.698912
25006,21837,0.698900
32316,14328,0.698894
15563,12993,0.698887
15980,12962,0.698887
14137,14609,0.698879
29666,34633,0.698858
23302,25141,0.698823
25006,24259,0.698819
31000,32487,0.698811
4,34965,0.698802
31826,28323,0.698788
26113,26182,0.698774
25507,20943,0.698763
23612,25008,0.698747
26867,28720,0.698741
10697,10517,0.698738
34390,34435,0.698734
16986,17215,0.698724
26714,18351,0.698707
33294,31256,0.698706
23612,28661,0.698703
31565,28339,0.698680
16292,9351,0.698675
10837,17430,0.698669
28550,33692,0.698651
29637,33419,0.698641
14936,18820,0.698617
28251,9529,0.698607
29343,28534,0.698580
28534,29343,0.698580
19157,25790,0.698570
9320,12322,0.698547
31308,19852,0.698535
33065,26116,0.698535
26604,19040,0.698499
17940,30012,0.698491
29213,30826,0.698486
34601,35003,0.698484
31908,9765,0.698476
17160,29339,0.698459
31533,16936,0.698434
33757,11032,0.698381
32015,26369,0.698366
12585,9328,0.698348
28895,11706,0.698306
19212,20090,0.698300
15885,9656,0.698288
30262,29092,0.698285
12871,11507,0.698283
27255,28490,0.698269
27491,10143,0.698267
29031,32825,0.698218
17475,24915,0.698208
26029,14956,0.698206
15215,15467,0.698176
29323,1076,0.698147
26844,26797,0.698143
23753,10891,0.698127
20136,10891,0.698127
22634,18995,0.698100
31703,11886,0.698095
24344,17199,0.698084
17228,14990,0.698082
13496,16253,0.698047
20161,18218,0.698043
12505,16352,0.698036
27685,32019,0.698035
34202,27405,0.698030
14862,10216,0.698012
29,14869,0.698003
28761,27314,0.697997
23466,27662,0.697962
30334,34684,0.697941
26553,28451,0.697932
28588,32336,0.697923
33934,35090,0.697922
11365,11087,0.697907
25507,20960,0.697906
12160,9193,0.697893
10739,17520,0.697868
29733,33853,0.697849
20109,13435,0.697838
32947,32786,0.697837
31666,28060,0.697831
31666,16538,0.697825
28169,26352,0.697784
26352,28169,0.697784
16772,29668,0.697761
26712,33913,0.697760
8805,8810,0.697731
28899,30148,0.697718
24157,24905,0.697713
31480,12104,0.697672
31593,34474,0.697671
26918,32360,0.697671
17481,14372,0.697663
17329,32756,0.697626
33741,12767,0.697602
24448,22054,0.697598
17888,26014,0.697543
14653,16901,0.697543
29031,30218,0.697511
16332,14477,0.697505
28550,27317,0.697487
10,1767,0.697473
7142,26402,0.697455
27642,26342,0.697426
23496,19641,0.697401
28792,16936,0.697348
28595,27271,0.697345
10979,17745,0.697293
17342,17282,0.697280
12577,14642,0.697279
27755,31545,0.697277
31545,27755,0.697277
32146,26970,0.697266
31703,14795,0.697264
33835,32351,0.697244
34937,28011,0.697227
29449,26595,0.697212
33375,9220,0.697200
20913,18091,0.697179
21955,22088,0.697171
19397,24794,0.697118
27972,30903,0.697107
29629,16947,0.697094
12619,16541,0.697071
16541,12619,0.697071
22334,20664,0.697067
34318,33256,0.697001
30010,32912,0.696971
27207,32396,0.696966
27783,33225,0.696947
27220,32203,0.696944
4726,2484,0.696913
28061,17495,0.696896
32270,3952,0.696891
11673,17150,0.696876
9320,11730,0.696861
26802,29537,0.696856
16758,17741,0.696831
33487,33582,0.696823
34551,33957,0.696818
34373,33892,0.696811
16895,17479,0.696775
16101,14145,0.696756
11190,9015,0.696723
11190,9782,0.696723
16898,32632,0.696711
11775,11160,0.696708
23587,19959,0.696685
20947,19397,0.696681
19397,20947,0.696681
28434,32123,0.696679
17015,16975,0.696674
25911,24318,0.696667
15658,16229,0.696663
27268,31087,0.696653
16174,11230,0.696651
17125,16965,0.696648
33794,13706,0.696555
26674,33662,0.696552
30902,31324,0.696546
28456,17540,0.696530
29,13848,0.696520
29682,30035,0.696518
17123,17078,0.696508
33618,30262,0.696508
15432,15269,0.696505
30620,32328,0.696504
34937,15796,0.696496
26771,32924,0.696490
28734,27092,0.696469
31758,34738,0.696434
29122,33123,0.696401
24457,22509,0.696397
16740,17476,0.696392
18138,15075,0.696387
13407,14449,0.696385
12255,15249,0.696376
30398,28290,0.696375
27819,27673,0.696346
29040,27823,0.696342
22944,23591,0.696329
16847,17297,0.696320
26739,30130,0.696313
30130,26739,0.696313
26794,29676,0.696271
29676,26794,0.696271
30540,32430,0.696259
31054,15755,0.696240
15025,14107,0.696230
25693,21270,0.696226
32079,32893,0.696218
27940,31106,0.696217
27437,34490,0.696214
14862,18384,0.696187
30285,27941,0.696161
28559,33366,0.696160
26434,32202,0.696086
28840,31667,0.696081
23587,20183,0.696064
20430,20449,0.695999
11175,13751,0.695991
15898,14994,0.695988
24366,22483,0.695973
16902,16828,0.695969
16653,9834,0.695962
29480,15584,0.695950
28149,28550,0.695942
9172,12526,0.695930
31985,27422,0.695924
34422,425,0.695914
13467,32803,0.695898
11135,11137,0.695884
11137,11135,0.695884
22777,23228,0.695876
24448,13842,0.695870
10876,11576,0.695853
29627,12424,0.695852
29295,9009,0.695852
31234,16733,0.695850
29871,9782,0.695845
29871,10201,0.695845
31760,14285,0.695833
28698,12056,0.695768
14066,16322,0.695750
25533,23885,0.695698
16852,17319,0.695665
19413,20212,0.695649
34680,19522,0.695635
32576,29134,0.695634
24162,20128,0.695619
33485,26736,0.695603
11673,8807,0.695602
32622,27583,0.695578
14420,16158,0.695533
33493,31009,0.695526
31602,30347,0.695508
26577,30052,0.695483
9074,8832,0.695444
30774,26900,0.695439
26225,23081,0.695432
16808,17394,0.695422
31891,26898,0.695409
27207,28567,0.695402
15560,25689,0.695396
17940,19052,0.695360
31632,31344,0.695359
28899,19818,0.695338
33673,34495,0.695314
34495,33673,0.695314
12863,11184,0.695294
11184,12863,0.695294
10309,31162,0.695277
12871,13050,0.695273
17340,17391,0.695272
12375,28617,0.695266
9629,8979,0.695262
11444,10609,0.695253
15693,15730,0.695251
13941,12054,0.695246
14742,14478,0.695238
30812,17457,0.695228
23549,23164,0.695227
15027,34977,0.695226
34977,15027,0.695226
17465,32454,0.695206
28495,27218,0.695205
29961,6367,0.695189
6367,29961,0.695189
26572,28661,0.695127
34831,27310,0.695123
28743,28987,0.695122
30922,34959,0.695113
33833,33362,0.695094
33819,10238,0.695078
12638,27615,0.695070
12086,10762,0.695063
27982,30319,0.695032
31221,30203,0.695013
23496,22926,0.694955
16953,17114,0.694949
32342,32319,0.694873
26979,33983,0.694871
13839,28742,0.694857
31922,26782,0.694855
32887,14019,0.694807
32091,26377,0.694800
28636,16757,0.694797
26812,30137,0.694794
28534,29952,0.694774
29952,28534,0.694774
22675,19586,0.694771
26450,7759,0.694743
31498,32843,0.694739
33998,22440,0.694730
29316,33490,0.694712
5338,17337,0.694710
30166,25308,0.694663
22643,26264,0.694656
34476,34720,0.694652
22777,24854,0.694643
17016,17234,0.694631
25870,25595,0.694581
32294,21931,0.694576
26698,25917,0.694574
12692,10136,0.694557
20867,20973,0.694531
11963,13179,0.694531
26739,33548,0.694507
24401,25196,0.694506
34292,12442,0.694489
31451,31470,0.694481
34235,28277,0.694466
19500,20213,0.694458
22944,18766,0.694455
32109,4679,0.694453
14066,16108,0.694421
27393,30528,0.694420
27637,29458,0.694353
26741,27585,0.694350
34354,3380,0.694338
27769,28257,0.694336
27646,29836,0.694325
15604,19773,0.694321
33740,29283,0.694301
17346,17260,0.694269
9327,16101,0.694230
16955,34317,0.694228
34600,32402,0.694228
33566,33511,0.694223
25533,18931,0.694221
16847,21626,0.694211
24366,15618,0.694210
14043,14248,0.694197
17483,30897,0.694184
34522,33728,0.694140
4378,4235,0.694113
29762,32385,0.694104
14935,12484,0.694097
31135,11236,0.694093
31433,33244,0.694093
26466,18472,0.694085
30231,31096,0.694027
12375,26505,0.694003
32846,32415,0.693996
15763,10866,0.693964
19038,19113,0.693961
32288,26011,0.693939
32288,22797,0.693928
28682,17443,0.693923
32262,29036,0.693916
12531,12831,0.693897
20278,17589,0.693891
28863,27765,0.693862
32981,29292,0.693862
32616,28399,0.693860
23326,11827,0.693844
34054,33444,0.693831
13685,12526,0.693796
33761,32773,0.693783
32773,33761,0.693783
28211,3221,0.693763
30237,32693,0.693754
34479,30130,0.693710
30623,19365,0.693674
33498,28616,0.693653
11444,16549,0.693649
21164,13291,0.693647
19939,19311,0.693621
17046,16914,0.693611
16914,17046,0.693611
29425,25785,0.693597
17485,17286,0.693568
17115,17500,0.693564
12638,15460,0.693527
16763,5275,0.693524
32262,33662,0.693520
17313,15443,0.693510
33543,28666,0.693475
22334,35049,0.693455
31420,29668,0.693448
14801,20608,0.693444
13808,22802,0.693427
29955,27067,0.693425
35058,26646,0.693395
25024,23615,0.693362
33607,30220,0.693326
34234,12313,0.693241
24819,20145,0.693214
21182,19598,0.693210
26036,26209,0.693204
1977,29345,0.693196
12441,9098,0.693140
18901,31916,0.693086
31075,31355,0.693082
13456,9912,0.693065
17915,18039,0.693050
927,1809,0.693043
28603,34556,0.693032
27881,30000,0.693026
32722,20877,0.693002
34735,6254,0.692992
15590,10791,0.692928
34845,32931,0.692928
19602,12046,0.692912
20398,32706,0.692875
33789,17580,0.692870
13733,29518,0.692814
19763,14548,0.692814
32445,29055,0.692806
28603,34179,0.692799
17945,19497,0.692765
10629,14243,0.692753
6479,28432,0.692725
26387,29396,0.692680
17218,34631,0.692679
32791,30281,0.692675
31879,30263,0.692670
34277,29057,0.692665
32479,30524,0.692659
33775,22422,0.692645
33475,27641,0.692616
28793,27482,0.692611
28992,9206,0.692589
12505,9944,0.692584
32452,28433,0.692562
23598,21152,0.692509
30958,32961,0.692499
33543,5161,0.692480
10679,10683,0.692477
29273,28482,0.692449
15694,34679,0.692426
13733,15822,0.692417
28375,13882,0.692410
26578,11902,0.692406
25681,33306,0.692385
31840,31976,0.692375
31976,31840,0.692375
31765,32739,0.692350
32739,31765,0.692350
11747,16802,0.692345
27841,31229,0.692326
12217,25278,0.692309
34745,27323,0.692298
20459,17696,0.692296
22906,20692,0.692250
14125,22852,0.692230
18522,26057,0.692224
32194,15819,0.692197
15301,10444,0.692196
28488,32025,0.692161
28121,34675,0.692161
1977,32387,0.692157
17056,31713,0.692152
15040,12849,0.692149
24910,19319,0.692148
16993,17013,0.692148
29682,27186,0.692146
28375,16940,0.692130
17505,11174,0.692124
11068,17176,0.692120
15150,13079,0.692025
12931,16498,0.691998
15301,15747,0.691993
23285,24967,0.691984
30757,201,0.691958
17879,14424,0.691922
29411,28237,0.691920
33156,33046,0.691914
27642,35117,0.691910
22130,22991,0.691891
33955,29905,0.691854
17815,23061,0.691850
34161,28915,0.691849
34302,31592,0.691844
23449,20341,0.691838
32249,34366,0.691822
17993,10280,0.691810
32333,31765,0.691793
31765,32333,0.691793
23171,27566,0.691790
27354,27817,0.691780
27468,32453,0.691771
35093,17437,0.691766
15935,11586,0.691754
16848,201,0.691737
31189,29894,0.691713
17190,28297,0.691690
24853,17937,0.691676
30966,29096,0.691675
33525,16789,0.691666
15658,16988,0.691629
33998,22493,0.691585
34116,32019,0.691582
17919,25964,0.691546
20602,23782,0.691532
24157,26025,0.691507
26578,9174,0.691501
23498,19047,0.691495
17246,11747,0.691454
11747,17246,0.691454
30922,33512,0.691429
31057,12691,0.691429
29476,30507,0.691378
10340,19696,0.691353
17815,23782,0.691342
10849,13982,0.691340
30605,28740,0.691296
26448,28848,0.691225
28848,26448,0.691225
33683,28061,0.691214
28061,33683,0.691214
17440,17281,0.691154
20617,23878,0.691139
1803,33087,0.691104
28965,24875,0.691091
13891,12250,0.691081
31519,17858,0.691070
16852,29402,0.691059
25064,23271,0.691016
16839,16889,0.690997
32846,33837,0.690983
16819,33742,0.690960
31037,9559,0.690940
31838,29707,0.690920
23314,23591,0.690909
5338,17148,0.690908
34324,29055,0.690906
31451,33256,0.690906
12031,17025,0.690877
15451,14650,0.690841
30570,31556,0.690835
31758,15755,0.690830
26818,27235,0.690819
30086,19806,0.690800
28723,27050,0.690767
29934,9032,0.690759
33466,17693,0.690753
14001,14437,0.690727
32690,26495,0.690725
19277,19958,0.690721
21820,21930,0.690702
27881,34714,0.690696
20278,20480,0.690665
28840,27481,0.690606
25539,22494,0.690600
32223,17231,0.690583
27065,32242,0.690562
26667,31928,0.690532
11185,10763,0.690497
11185,10313,0.690497
29326,26599,0.690494
13166,19107,0.690487
25286,25911,0.690481
31482,31733,0.690427
4861,2113,0.690410
13432,14765,0.690398
25833,30214,0.690397
25048,23342,0.690395
16332,11417,0.690378
15727,13938,0.690376
9182,13720,0.690366
29480,17390,0.690359
34318,27512,0.690353
18812,20785,0.690350
19153,17884,0.690328
26968,34885,0.690276
15153,9169,0.690247
12,25092,0.690235
30762,32324,0.690230
32722,20535,0.690226
35076,27351,0.690222
12452,10727,0.690215
32979,34086,0.690185
34086,32979,0.690185
32128,28722,0.690183
20161,21793,0.690175
6639,1567,0.690133
34119,31025,0.690108
6932,32831,0.690102
34746,27343,0.690086
4861,5340,0.690064
6479,31864,0.690050
26419,29546,0.690016
33243,28714,0.690000
26419,1743,0.689998
29955,11218,0.689988
34389,32589,0.689979
14420,14882,0.689968
22675,34209,0.689964
35033,33905,0.689942
32491,30349,0.689884
34302,7619,0.689860
29195,32558,0.689828
33110,27659,0.689820
14936,18703,0.689801
18398,28761,0.689792
18427,31420,0.689777
31420,18427,0.689777
34495,17419,0.689738
22130,23294,0.689729
23636,20315,0.689693
17436,28920,0.689667
31519,26433,0.689665
30605,33664,0.689573
15704,11844,0.689562
16898,16853,0.689534
14661,16404,0.689500
34941,8984,0.689498
32928,29742,0.689489
32109,750,0.689486
31605,34889,0.689472
34654,32073,0.689468
27988,21509,0.689426
27336,30666,0.689425
18724,19980,0.689423
33592,28339,0.689420
26503,33972,0.689415
32519,16212,0.689393
28900,34225,0.689378
17420,17001,0.689359
23636,24616,0.689347
14043,13572,0.689347
29162,23017,0.689342
725,30616,0.689342
28900,34699,0.689334
17186,9112,0.689325
34830,17344,0.689320
33411,30017,0.689315
14935,12555,0.689268
32437,541,0.689266
31894,27670,0.689237
34331,34664,0.689199
18379,19188,0.689181
32263,29202,0.689174
13759,14389,0.689169
21278,22399,0.689152
11986,14496,0.689149
32114,3187,0.689140
11175,13409,0.689139
18236,15637,0.689129
27352,35026,0.689096
30010,17529,0.689080
18404,18004,0.689027
15704,10872,0.689007
31292,27746,0.688966
34465,33149,0.688965
29938,24453,0.688885
34580,22919,0.688876
17770,18813,0.688854
17256,17478,0.688829
14244,31162,0.688783
14661,9474,0.688739
33041,31712,0.688633
14244,16127,0.688632
27402,34063,0.688579
34941,10682,0.688574
29622,30912,0.688538
34637,12673,0.688516
12915,12057,0.688492
34161,12866,0.688479
17129,16953,0.688456
16953,17129,0.688456
15306,13913,0.688455
22043,16750,0.688444
6367,33882,0.688412
12160,10191,0.688327
33881,26439,0.688310
19912,17965,0.688263
11228,26737,0.688252
32252,28348,0.688252
30762,27077,0.688248
26847,14251,0.688216
27253,21133,0.688204
27920,32725,0.688185
29361,4888,0.688179
11621,17515,0.688152
32966,17513,0.688146
20056,28315,0.688146
17387,17467,0.688141
17467,17387,0.688141
6639,7544,0.688130
28130,9015,0.688116
34434,31354,0.688113
30452,26548,0.688104
18379,18601,0.688091
27736,34734,0.688084
24099,22275,0.688059
29616,33388,0.688046
16014,13834,0.688041
34948,34249,0.688039
13645,15379,0.688026
32512,27860,0.687976
26604,23935,0.687957
23100,27351,0.687954
27637,29920,0.687927
26968,31329,0.687908
15738,12806,0.687907
27358,26843,0.687900
12692,10772,0.687816
25833,34159,0.687731
13606,13326,0.687724
31605,29159,0.687717
29942,31563,0.687710
17598,21798,0.687702
23326,15209,0.687692
10108,25009,0.687684
33094,31649,0.687673
32610,12347,0.687608
33546,9578,0.687572
33094,30574,0.687556
31007,21151,0.687510
31309,31022,0.687504
26973,30186,0.687494
31760,16568,0.687470
32407,27820,0.687451
11184,11178,0.687345
28850,30826,0.687330
31683,26375,0.687323
17103,27741,0.687316
27180,9571,0.687288
17228,17297,0.687283
17485,17517,0.687231
26742,34691,0.687201
34644,30926,0.687170
17190,17374,0.687149
33084,13765,0.687133
34665,32088,0.687128
27732,33290,0.687123
31675,33482,0.687107
34374,29177,0.687094
15172,14344,0.687085
16859,27741,0.687066
29307,34375,0.687049
31783,28664,0.687041
13398,10191,0.687029
22665,18855,0.687013
30767,31158,0.686982
33588,28658,0.686977
29549,28442,0.686957
33719,28874,0.686938
31918,18105,0.686884
27243,22178,0.686858
12225,16668,0.686846
35033,15814,0.686787
13240,28617,0.686768
34359,11630,0.686766
13606,13050,0.686754
32514,30723,0.686713
11558,13354,0.686702
17446,17231,0.686690
14341,2593,0.686678
10340,20612,0.686667
30647,16936,0.686626
31716,17295,0.686621
22525,11543,0.686519
14417,31307,0.686505
16902,11178,0.686488
21264,20997,0.686454
18398,31254,0.686437
26996,26042,0.686420
29499,33147,0.686376
32076,32728,0.686347
28733,30048,0.686310
34294,33901,0.686303
28903,34731,0.686296
22043,17234,0.686281
32479,30055,0.686259
34042,28861,0.686203
10886,17117,0.686168
32249,27624,0.686098
32884,35053,0.686077
31960,26572,0.686027
30274,16854,0.686012
31195,26930,0.685962
17237,16963,0.685946
16938,17125,0.685938
17203,34052,0.685930
29499,33755,0.685921
16829,17393,0.685900
13429,23661,0.685870
33546,32334,0.685823
19127,10532,0.685819
31673,17293,0.685814
18972,34919,0.685791
16910,990,0.685781
31632,32218,0.685734
13496,15493,0.685712
30749,29761,0.685686
29761,30749,0.685686
18845,18001,0.685673
20362,22745,0.685588
29506,8034,0.685539
11734,17113,0.685532
31527,15418,0.685479
31985,27912,0.685476
29310,27145,0.685471
27247,32960,0.685400
29051,612,0.685392
33411,28960,0.685363
21264,24032,0.685330
32128,32978,0.685323
17237,23319,0.685290
7,29353,0.685285
26667,31399,0.685276
32445,26429,0.685275
24910,24793,0.685273
28452,29607,0.685242
29622,29264,0.685190
31498,31781,0.685188
26979,23782,0.685157
26007,19423,0.685123
33231,31250,0.685078
29425,21058,0.685078
29227,6360,0.685059
28112,32351,0.685039
15590,15918,0.685038
20459,19769,0.685005
23096,18267,0.684915
29227,7094,0.684898
31501,32677,0.684891
31838,30239,0.684824
23100,19992,0.684799
30259,31229,0.684761
34948,26402,0.684695
29833,32556,0.684686
29316,34343,0.684640
31946,248,0.684619
8882,8805,0.684605
8805,8882,0.684605
13007,11612,0.684598
27834,17060,0.684528
30274,17457,0.684524
16942,16861,0.684523
32705,9559,0.684515
25286,21122,0.684496
27180,30633,0.684492
32075,34941,0.684473
29833,32369,0.684447
20659,24397,0.684430
27694,34718,0.684397
34718,27694,0.684397
18814,23902,0.684381
17718,31204,0.684363
14781,19642,0.684329
14615,15545,0.684308
31132,34047,0.684294
34586,11647,0.684269
18163,24906,0.684246
24764,25242,0.684244
28631,15509,0.684238
10934,11178,0.684227
11946,11548,0.684223
33074,33566,0.684220
15066,9518,0.684199
26007,22665,0.684157
22665,26007,0.684157
30807,34551,0.684136
24,31735,0.684096
31735,24,0.684096
33975,14503,0.684039
15615,26222,0.684036
13274,32834,0.683983
11621,12789,0.683939
18977,34419,0.683923
34654,27274,0.683920
16906,13242,0.683917
34523,15980,0.683916
32507,18651,0.683913
34354,27518,0.683896
32,10,0.683839
25592,20443,0.683831
29789,794,0.683725
29253,10681,0.683719
12410,15303,0.683689
28430,34100,0.683672
16305,18749,0.683668
32,31093,0.683566
33569,32696,0.683552
29596,17513,0.683532
32884,34881,0.683508
12217,18039,0.683473
26206,23562,0.683451
11767,24542,0.683440
28723,32088,0.683438
14706,14348,0.683419
14595,12587,0.683392
17238,17283,0.683380
28631,27989,0.683358
29989,28483,0.683351
17442,10521,0.683348
22657,19047,0.683346
30247,29077,0.683318
28826,28348,0.683284
17246,17148,0.683166
13764,14595,0.683105
11864,11076,0.683075
14221,15217,0.683022
33184,31375,0.683014
23314,18623,0.682995
19562,26331,0.682987
28559,29385,0.682935
18670,19803,0.682856
13713,14809,0.682855
24162,25196,0.682846
10873,11077,0.682797
26405,26829,0.682746
33757,17288,0.682738
28991,31643,0.682726
32822,26429,0.682616
26466,19497,0.682595
22287,9343,0.682541
31200,16099,0.682533
15727,25264,0.682515
31617,29955,0.682484
17313,17471,0.682419
33442,27941,0.682417
33965,10512,0.682379
18049,13550,0.682331
29938,24611,0.682285
28229,14395,0.682278
13486,10635,0.682247
29253,26417,0.682225
26417,29253,0.682225
29549,32908,0.682224
33881,31994,0.682185
32269,27754,0.682076
31098,30249,0.682064
25623,32230,0.682012
23449,23313,0.681968
32491,27014,0.681931
16649,9260,0.681912
26973,19573,0.681910
16305,17751,0.681902
12228,15250,0.681889
32613,34448,0.681845
33122,34616,0.681828
33659,20972,0.681815
34521,10681,0.681792
28639,28123,0.681753
33975,28851,0.681751
17436,28480,0.681741
19765,13322,0.681731
29809,32057,0.681720
20421,14862,0.681700
19156,18467,0.681692
27884,31119,0.681643
33599,17330,0.681601
31894,31874,0.681585
15066,26519,0.681581
32270,2433,0.681516
34359,15951,0.681512
12863,18421,0.681451
21994,20589,0.681446
26818,33965,0.681422
27335,26537,0.681417
4726,33263,0.681405
16859,17013,0.681393
8419,5664,0.681377
16873,17510,0.681364
32616,28960,0.681353
34012,14880,0.681319
15832,27257,0.681306
33724,33384,0.681302
26380,31814,0.681271
29654,19653,0.681222
29654,26272,0.681222
27736,20334,0.681214
26762,27906,0.681202
26771,32287,0.681191
9629,9711,0.681188
29310,30990,0.681155
20109,17719,0.681131
33139,33233,0.681124
27234,13960,0.681113
30812,17132,0.681107
16938,17445,0.681069
17159,13770,0.681029
33569,18919,0.681023
31698,34318,0.681017
10934,17343,0.680984
30570,26663,0.680975
16893,17329,0.680968
32752,33546,0.680906
12976,12346,0.680893
26954,6998,0.680886
34638,29022,0.680855
25515,20856,0.680854
11365,10388,0.680832
18879,17810,0.680781
27412,34372,0.680773
28576,17334,0.680771
14125,23631,0.680725
11299,32886,0.680713
14829,15118,0.680691
28110,29235,0.680680
16949,17360,0.680655
17016,9112,0.680648
20617,23716,0.680627
29789,32306,0.680580
29687,30526,0.680558
34778,32801,0.680529
34586,16070,0.680515
14706,15625,0.680494
33122,34578,0.680489
34578,33122,0.680489
30461,29587,0.680469
33231,22241,0.680464
31723,34580,0.680460
31173,31946,0.680458
17420,17419,0.680426
17238,16914,0.680393
31373,31362,0.680343
32498,32271,0.680340
18901,24196,0.680319
13632,9407,0.680315
32572,30762,0.680311
19193,17822,0.680298
17822,19193,0.680298
16895,16853,0.680261
26380,31256,0.680242
5807,33861,0.680191
35127,32373,0.680191
33840,29253,0.680101
29917,17643,0.680086
18123,16250,0.679917
27055,28960,0.679864
15188,14862,0.679853
27920,30085,0.679845
31640,30616,0.679829
19156,11255,0.679821
12640,9190,0.679727
32928,12535,0.679717
29185,7876,0.679701
26742,33272,0.679668
26426,28926,0.679611
34329,30915,0.679589
9084,28450,0.679583
29942,32670,0.679575
15694,27977,0.679547
15642,10517,0.679510
15581,12295,0.679508
30464,12643,0.679505
30644,28907,0.679478
28837,32704,0.679475
29783,1310,0.679450
30977,29557,0.679330
23475,25311,0.679320
28229,14487,0.679315
18427,33091,0.679280
17245,17260,0.679252
32498,27401,0.679252
33128,29989,0.679226
14829,16032,0.679215
31132,14535,0.679210
34910,28404,0.679184
28837,29837,0.679124
23330,18895,0.679119
34089,31559,0.679049
32535,33138,0.679043
11068,13217,0.679042
15091,15867,0.679023
25343,20528,0.679017
18812,24700,0.678975
11469,20352,0.678966
28734,15862,0.678900
11364,14341,0.678890
31664,17495,0.678831
13808,26037,0.678770
9719,9571,0.678767
29185,34742,0.678766
27841,33193,0.678735
27055,28399,0.678679
31111,26517,0.678631
32252,29170,0.678597
29465,17157,0.678588
26498,30024,0.678559
17463,32978,0.678540
28110,31680,0.678535
16518,9240,0.678530
30653,27405,0.678475
14056,21175,0.678440
17460,17636,0.678386
2391,2658,0.678385
19602,17722,0.678379
17924,18485,0.678326
15971,9538,0.678315
13284,15783,0.678308
32076,31061,0.678290
2391,32054,0.678226
29187,18823,0.678176
14578,10874,0.678172
30647,27872,0.678166
17235,17183,0.678127
26033,19113,0.678116
9626,28775,0.678072
10108,16095,0.678065
10733,17224,0.678061
26512,35012,0.678058
21247,23059,0.678048
16857,17027,0.678029
23498,28025,0.678020
28149,29280,0.677976
32436,26761,0.677954
33740,33925,0.677928
26553,27358,0.677886
21247,23436,0.677822
18992,14209,0.677804
29660,725,0.677788
32519,10629,0.677763
12475,17209,0.677717
33830,33976,0.677676
33724,34921,0.677660
13432,12644,0.677602
26651,17414,0.677567
28049,23211,0.677563
17245,19201,0.677559
27402,30154,0.677464
10733,11570,0.677463
34541,10626,0.677453
34845,9975,0.677371
30357,33741,0.677358
33741,30357,0.677358
32894,28450,0.677346
15971,16095,0.677341
33584,35029,0.677259
35029,33584,0.677259
31675,31361,0.677224
16541,15855,0.677216
29072,31664,0.677212
9918,16693,0.677197
25183,14368,0.677135
13761,14760,0.677133
32947,10827,0.677102
19890,25932,0.677086
13713,16005,0.677027
13205,15742,0.677014
15091,14355,0.676999
16384,12207,0.676994
17136,34889,0.676992
13857,12502,0.676984
32759,32366,0.676870
11963,9656,0.676840
31196,26868,0.676825
3515,4608,0.676766
10469,9980,0.676741
14578,14291,0.676724
12228,11689,0.676687
26996,10216,0.676667
13764,10089,0.676582
11864,11406,0.676532
32015,34319,0.676481
14801,24136,0.676474
16871,17465,0.676415
16161,14219,0.676396
12243,32536,0.676344
28795,19492,0.676288
20138,23670,0.676233
25929,15394,0.676196
33794,15978,0.676177
13941,15712,0.676076
34071,21128,0.676058
26405,31470,0.675995
15451,17237,0.675988
17135,16905,0.675953
27852,21141,0.675857
16906,16753,0.675825
34565,33601,0.675811
15032,12048,0.675806
34042,27696,0.675793
16501,11641,0.675780
15306,31249,0.675766
21865,28689,0.675761
29206,28423,0.675647
19765,16532,0.675608
20188,17699,0.675541
927,3746,0.675537
26452,29422,0.675500
27737,14785,0.675479
12243,32263,0.675473
32263,12243,0.675473
12475,22144,0.675458
13379,6216,0.675450
32592,8961,0.675444
29809,26965,0.675370
26512,31632,0.675346
30724,32256,0.675317
33276,29585,0.675314
17122,16779,0.675313
18248,15631,0.675310
27412,31832,0.675309
17159,18855,0.675295
31945,28249,0.675294
28639,15694,0.675278
31496,29149,0.675250
34239,30926,0.675209
33184,32453,0.675208
30530,11871,0.675193
18163,23406,0.675110
26698,2893,0.675038
33156,30000,0.674954
20188,16789,0.674950
25714,29497,0.674942
26929,15606,0.674933
9715,8890,0.674931
28298,28470,0.674911
26697,28552,0.674885
11373,29105,0.674869
28049,31161,0.674803
17449,16964,0.674746
9733,14501,0.674742
11775,28195,0.674722
13284,14353,0.674706
34325,10075,0.674685
11469,9380,0.674621
26546,31234,0.674574
26503,218,0.674537
31013,34930,0.674452
18049,23170,0.674446
28704,34543,0.674434
33588,30354,0.674425
9246,32683,0.674416
14024,12245,0.674407
32522,27457,0.674382
15331,11178,0.674326
30166,28097,0.674296
29219,30666,0.674142
34324,10465,0.674111
29664,33167,0.674043
16970,8842,0.674041
34638,9953,0.674037
9246,15130,0.674016
29861,32120,0.674005
13857,29336,0.674003
16161,27268,0.673951
17098,17477,0.673942
19,14609,0.673881
33128,17216,0.673818
16961,17214,0.673813
33852,29164,0.673809
2626,34719,0.673805
34329,26414,0.673778
11299,11077,0.673725
27234,11995,0.673718
16897,16784,0.673712
19890,17615,0.673689
31565,29342,0.673632
16518,16238,0.673581
26830,28989,0.673483
31292,34797,0.673458
27167,16032,0.673456
33805,28512,0.673379
26417,14186,0.673359
26803,201,0.673320
31231,26448,0.673315
26448,31231,0.673315
34184,16717,0.673199
26523,32088,0.673195
29704,34810,0.673192
32269,26574,0.673177
15032,14079,0.673135
33182,33587,0.673123
17387,24892,0.673112
17822,19473,0.673046
19473,17822,0.673046
12570,10601,0.673039
27421,27605,0.673032
29187,11109,0.672922
18328,25507,0.672917
24661,18009,0.672865
17059,17145,0.672827
32528,28666,0.672791
11522,17206,0.672704
15435,2486,0.672627
30252,30874,0.672618
20668,27343,0.672581
21164,9878,0.672559
29199,28403,0.672497
13761,12152,0.672483
34630,34000,0.672471
29834,31056,0.672470
31056,29834,0.672470
5807,6794,0.672453
27175,29507,0.672393
34479,30964,0.672382
27541,33322,0.672346
8419,16935,0.672288
13107,12397,0.672283
11070,23554,0.672245
29664,29243,0.672223
33584,31102,0.672201
5350,34950,0.672156
17362,29940,0.672131
12026,16851,0.672084
33907,11076,0.672054
26224,18184,0.672030
23793,24770,0.672001
17442,33558,0.671990
24236,23170,0.671989
31027,31916,0.671948
19482,19342,0.671927
34630,29343,0.671917
27500,14205,0.671916
28733,28810,0.671910
33805,33373,0.671900
31496,3321,0.671887
16893,2593,0.671858
29219,34117,0.671844
10433,29555,0.671830
17291,17424,0.671798
30741,29016,0.671758
15977,11741,0.671756
30849,18451,0.671696
17318,17471,0.671695
26697,5352,0.671612
31527,13068,0.671539
15738,10037,0.671530
29266,29629,0.671519
16604,12789,0.671515
24545,27681,0.671500
20902,30247,0.671486
30247,20902,0.671486
29449,29436,0.671397
13972,16683,0.671395
29686,34778,0.671365
23096,25209,0.671326
14417,9974,0.671271
20677,24597,0.671254
27852,21825,0.671251
23793,20608,0.671216
20947,23811,0.671161
34218,27179,0.671089
27884,31643,0.671069
28028,27155,0.671054
34105,17114,0.671026
2626,3304,0.670986
32822,29405,0.670967
33475,28052,0.670879
24721,30412,0.670852
34234,19334,0.670820
17460,18530,0.670649
14,19,0.670538
32190,33519,0.670537
24236,17464,0.670507
20545,27590,0.670505
32752,15751,0.670427
34565,31940,0.670416
32795,29077,0.670401
32446,32713,0.670369
29897,34776,0.670362
19127,22198,0.670344
34325,30290,0.670295
24788,20754,0.670268
29686,32699,0.670190
28056,6932,0.670167
29355,32799,0.670146
17481,17424,0.670141
27258,26899,0.670102
34830,16807,0.670089
32613,34250,0.670078
25515,19658,0.670073
13007,16506,0.670057
33739,1908,0.670034
28576,17348,0.670030
16501,10083,0.670016
19163,18795,0.669985
9715,9079,0.669857
30530,14089,0.669832
30889,16990,0.669827
10739,11087,0.669821
13633,12563,0.669817
29355,33922,0.669747
27352,28773,0.669740
28965,29575,0.669736
31486,15290,0.669723
33852,32942,0.669719
31418,34355,0.669695
27958,26769,0.669695
13126,9190,0.669671
16871,17207,0.669611
12438,15637,0.669575
28,17157,0.669528
30153,28551,0.669494
25365,25356,0.669422
34644,3952,0.669389
13965,14597,0.669338
35029,26796,0.669337
15172,11964,0.669220
30941,26809,0.669178
34239,33828,0.669094
22855,19776,0.669031
22657,25181,0.669026
17122,16837,0.668953
16767,23171,0.668928
12585,14653,0.668920
30741,26476,0.668918
27834,17117,0.668885
34378,33157,0.668878
18992,22178,0.668846
28991,27954,0.668809
33926,30523,0.668736
31071,33511,0.668638
26340,27236,0.668628
18972,18199,0.668500
29298,21907,0.668457
30357,17159,0.668452
27175,34254,0.668449
30941,2308,0.668441
30877,16854,0.668387
17350,13486,0.668309
12026,17078,0.668226
31382,23773,0.668189
35093,30974,0.668124
32737,34740,0.668026
33146,26599,0.668017
32894,31848,0.667951
20138,17809,0.667915
27244,31710,0.667859
19124,15636,0.667767
24985,25693,0.667757
14191,12346,0.667755
18248,11826,0.667752
12894,15559,0.667677
34927,1665,0.667630
33686,32635,0.667624
30831,13073,0.667606
14952,14562,0.667534
14191,16574,0.667525
14781,16005,0.667502
14694,9656,0.667491
33907,29012,0.667473
20441,20440,0.667466
13,11716,0.667425
34288,16301,0.667392
24545,19383,0.667369
17532,10042,0.667243
34718,592,0.667084
28,20136,0.666971
15591,24715,0.666962
32189,28315,0.666900
13379,14837,0.666841
32941,27959,0.666752
8385,3652,0.666719
20878,19562,0.666687
29457,6084,0.666680
18123,28217,0.666664
15037,540,0.666606
17598,19491,0.666598
29217,17185,0.666597
20441,24857,0.666525
12031,17360,0.666395
27958,20103,0.666347
12040,16303,0.666276
24721,26933,0.666265
32246,12563,0.666264
33209,26342,0.666247
25183,25997,0.666047
33750,34711,0.666032
13534,23815,0.665963
33145,17167,0.665952
29917,19477,0.665866
34378,30452,0.665845
14694,12129,0.665825
31056,10681,0.665792
13768,30384,0.665703
17718,12352,0.665609
33750,9142,0.665556
33840,28761,0.665473
33327,16099,0.665437
31027,27917,0.665423
18378,20732,0.665391
26762,32270,0.665370
8385,1400,0.665322
10967,12041,0.665271
18236,19928,0.665265
22855,15560,0.665210
27009,32572,0.665192
32572,27009,0.665192
16204,15699,0.665123
14904,11169,0.665092
11373,9518,0.665090
29640,34490,0.665050
34218,34691,0.664984
12742,13128,0.664903
16970,17387,0.664855
32721,12239,0.664779
18510,17947,0.664729
11756,27182,0.664691
26633,32846,0.664637
30807,28056,0.664625
35127,23558,0.664595
17410,13068,0.664545
12640,12789,0.664535
28679,28652,0.664478
32189,12271,0.664459
24819,24868,0.664369
33442,10727,0.664337
17932,15952,0.664313
32463,35114,0.664090
33739,4761,0.664075
16384,9308,0.663929
17410,15478,0.663896
30831,27194,0.663885
31698,33239,0.663822
14904,29860,0.663810
26830,31057,0.663793
32097,27342,0.663747
34572,16792,0.663702
30153,27062,0.663605
19170,17832,0.663594
28699,10187,0.663566
26803,28076,0.663553
27176,17231,0.663550
29950,29737,0.663548
34288,10158,0.663427
19123,19929,0.663408
30711,13625,0.663271
17398,17150,0.663181
19124,16275,0.663151
29465,30049,0.663126
29861,10053,0.663023
31960,10309,0.663020
13972,14953,0.662903
16932,23670,0.662894
30711,13037,0.662801
10433,33918,0.662801
26625,8983,0.662653
14952,11069,0.662645
21183,22999,0.662584
20545,23314,0.662565
20433,19249,0.662519
17105,17013,0.662468
29285,27718,0.662461
29834,20471,0.662390
12486,12920,0.662352
32178,20729,0.662314
13803,15966,0.662211
34071,23314,0.662196
15435,4836,0.662171
24109,14210,0.662053
23598,13826,0.662025
30870,35052,0.661925
31418,27305,0.661910
33209,34195,0.661803
16529,35052,0.661759
29897,27105,0.661658
5089,7504,0.661593
17269,11284,0.661530
13803,25009,0.661440
22287,13850,0.661417
15591,25117,0.661400
16767,17199,0.661248
12040,16003,0.661214
17354,17058,0.661091
33203,5577,0.661058
34911,34930,0.660947
33926,31444,0.660889
31735,10681,0.660717
34541,17758,0.660712
31071,33673,0.660707
16857,17178,0.660594
29322,31396,0.660547
15935,16941,0.660347
29923,27357,0.660322
15568,18467,0.660289
29556,29223,0.660106
23475,21180,0.660102
31382,16811,0.660012
28468,33827,0.659877
6745,9970,0.659771
34184,15338,0.659763
29357,28534,0.659729
27046,26283,0.659679
32633,15531,0.659661
27737,25840,0.659610
25,33138,0.659593
16924,17233,0.659558
27061,31796,0.659501
18522,25965,0.659394
27167,13979,0.659376
24788,23670,0.659360
16488,11150,0.659346
24,32342,0.659241
18879,21768,0.659155
21831,31451,0.659155
27845,26996,0.659135
31078,25374,0.659076
10490,12307,0.659068
32178,17713,0.659002
31196,32453,0.658948
12848,15531,0.658924
16806,17453,0.658871
32592,8906,0.658792
18754,16252,0.658780
19912,19617,0.658775
21183,25741,0.658736
27061,15661,0.658704
18754,18467,0.658699
16488,13409,0.658674
33830,28450,0.658648
19470,18923,0.658645
10337,10674,0.658616
28482,9909,0.658544
12894,30540,0.658424
13274,16734,0.658390
29805,27621,0.658360
29139,32219,0.658347
27694,31256,0.658334
28645,34338,0.658301
15662,27823,0.658278
29675,33746,0.658221
18404,19776,0.658210
34349,30580,0.658176
29704,30889,0.658056
30273,30281,0.658041
33845,26802,0.657925
13759,17745,0.657864
31602,34042,0.657860
31938,27694,0.657782
30236,7131,0.657768
28482,10965,0.657617
34105,30779,0.657604
31,34605,0.657581
16014,16032,0.657570
26625,17027,0.657524
20677,23860,0.657521
21809,25432,0.657401
29266,10241,0.657348
32981,33874,0.657207
25852,23517,0.657193
32721,31802,0.657152
19123,17908,0.657142
21831,31066,0.656985
29640,33017,0.656922
11070,25014,0.656919
32173,14037,0.656917
17318,17447,0.656704
29527,30520,0.656569
29950,30237,0.656540
32321,17056,0.656460
26542,33823,0.656370
28910,33835,0.656341
29527,26901,0.656229
12136,11591,0.656126
29139,12335,0.656080
16781,17449,0.656044
33221,31256,0.655956
31200,30357,0.655934
31938,27917,0.655749
29199,31808,0.655650
34438,34325,0.655649
27332,28112,0.655407
31923,27335,0.655387
34086,17330,0.655303
33541,33558,0.655112
20486,18892,0.655099
34951,29686,0.655028
28468,27895,0.654984
29285,34718,0.654942
27845,32531,0.654928
15256,10779,0.654906
29675,17513,0.654856
31173,31094,0.654785
28867,2724,0.654723
15037,29974,0.654663
33676,34778,0.654585
12848,15885,0.654554
28699,27624,0.654516
31656,35053,0.654468
32535,28326,0.654467
29379,27751,0.654462
33541,33908,0.654317
29923,32285,0.654290
31098,6604,0.654071
26639,31837,0.653977
32418,34718,0.653712
27244,34853,0.653545
19482,19780,0.653518
12438,13333,0.653464
15256,14563,0.653451
31656,30738,0.653443
33761,29072,0.653431
28704,33775,0.653390
27487,15978,0.653327
29556,15814,0.653301
27176,18582,0.653210
24210,12424,0.653165
34643,23871,0.653065
28645,33170,0.653034
26224,19201,0.652923
28869,10279,0.652743
30724,28819,0.652694
32463,32172,0.652596
31078,16777,0.652562
15568,18183,0.652466
33686,32304,0.652438
31001,29861,0.652399
29322,15680,0.652252
15662,31923,0.652112
31923,15662,0.652112
29761,16811,0.652070
28161,31681,0.652002
13768,29523,0.651943
34438,31057,0.651918
34951,28217,0.651738
17932,14904,0.651589
27122,24918,0.651480
28355,33373,0.651356
27009,16800,0.651251
32418,33018,0.651100
14924,12807,0.651080
14,14837,0.651035
30781,34448,0.651020
27678,27939,0.651020
13125,15327,0.650915
16669,19624,0.650915
10337,10735,0.650908
27996,28576,0.650827
14024,17821,0.650791
33676,20188,0.650609
6745,25922,0.650572
17254,30130,0.650380
12486,26774,0.650340
34486,29051,0.650326
29680,28352,0.650315
30139,29951,0.650124
27719,33450,0.650100
32878,19188,0.650091
25852,18346,0.650019
33276,11318,0.649946
14924,10570,0.649876
32446,28352,0.649844
32671,31840,0.649794
28296,33673,0.649589
26813,28103,0.649580
27213,33251,0.649508
31617,33368,0.649463
17258,12459,0.649316
29302,33746,0.649309
16204,31104,0.649096
17398,21450,0.649091
30870,30964,0.649090
32268,25192,0.648949
930,12862,0.648938
27243,21445,0.648916
32321,31808,0.648754
28161,32676,0.648633
28795,24830,0.648561
29457,31301,0.648499
21865,16892,0.648489
33221,26380,0.648375
28971,28484,0.648134
34911,24582,0.648078
24582,34911,0.648078
13189,32713,0.648069
29102,31823,0.647986
34643,28412,0.647903
28355,6520,0.647754
27046,23761,0.647742
16781,17016,0.647667
28346,705,0.647591
16669,16146,0.647464
30126,28903,0.647282
27487,31938,0.647209
31358,27608,0.647180
21994,28902,0.647056
27719,32218,0.647056
15599,23031,0.647017
28514,33238,0.646990
26542,29518,0.646974
32232,28161,0.646689
22610,19299,0.646643
26956,27413,0.646559
17354,11284,0.646540
32759,26566,0.646437
31586,24278,0.646192
32528,29883,0.646183
29756,31501,0.646123
29805,33130,0.646032
27541,6213,0.646013
13519,34198,0.645992
31001,31056,0.645987
32114,7204,0.645756
34571,26490,0.645498
17467,10886,0.645480
29705,17092,0.645391
26451,9782,0.645265
26451,10201,0.645265
31723,26956,0.644957
26956,31723,0.644957
930,5960,0.644928
22610,23322,0.644873
25,14220,0.644871
26378,17390,0.644598
16932,24947,0.644584
31349,28514,0.644227
32941,27108,0.644198
33203,34905,0.643916
28832,3106,0.643910
17175,21757,0.643739
32870,34630,0.643637
26335,10274,0.643633
31545,32223,0.643613
24985,18337,0.643332
15599,6745,0.643316
33145,27917,0.643145
34160,27590,0.643110
17175,21393,0.643009
34571,28319,0.642892
25929,18659,0.642706
34867,17236,0.642466
17254,17225,0.642298
18510,23018,0.642181
27996,28217,0.642016
29705,9028,0.641824
19473,13856,0.641595
10490,14506,0.641557
32870,11323,0.641537
30414,32070,0.641401
29986,30274,0.641030
33525,18612,0.640920
32444,32173,0.640897
32514,27500,0.640721
15192,10742,0.640646
33460,34543,0.640606
28585,13633,0.640410
22072,18812,0.640287
34572,9821,0.640221
34128,31719,0.640201
35086,26566,0.640165
32097,10281,0.639964
24210,31573,0.639643
29660,27647,0.639543
29674,27677,0.639457
26633,16161,0.639064
17172,17291,0.639060
29687,26004,0.638996
29674,28981,0.638724
28346,8784,0.638628
25714,15973,0.638568
30432,18307,0.638561
32062,9497,0.638468
32062,8947,0.638468
33460,16789,0.638360
27122,9413,0.638274
27421,29675,0.638227
28869,34808,0.638110
21820,19413,0.637961
19193,19492,0.637619
12136,10875,0.637578
27213,31895,0.637449
13519,26980,0.637327
30781,30707,0.637212
20878,12653,0.637103
32878,11077,0.636920
31,32592,0.636801
11266,28508,0.636659
29756,32677,0.636288
21435,4394,0.636117
32268,20905,0.635882
26764,24934,0.635867
33808,26633,0.635794
28832,7253,0.635417
33845,18910,0.635138
28169,33360,0.635042
33360,28169,0.635042
26793,33794,0.634813
27807,28296,0.634782
28296,27807,0.634782
34867,33845,0.634335
15027,6430,0.634277
14252,16499,0.634183
32444,27468,0.634161
32795,30247,0.633928
26764,25162,0.633788
28358,34226,0.633558
27994,16924,0.633340
23143,9558,0.633295
32232,34846,0.633273
31349,31664,0.633098
34665,32713,0.632916
32750,4005,0.632669
1803,16747,0.632621
28910,30941,0.632569
34128,14219,0.632557
34160,29347,0.632203
32671,30049,0.632166
33115,11077,0.632017
11266,701,0.631625
33700,17513,0.631536
34539,6885,0.631397
29901,3441,0.631245
29926,35052,0.631169
11756,24754,0.630973
28963,28769,0.630566
27807,35090,0.630508
32750,34434,0.630322
12742,13383,0.630031
34657,33375,0.629993
26793,17156,0.629989
33327,26956,0.629880
17372,29632,0.629870
21435,17935,0.629802
26813,28004,0.629520
10137,32532,0.629152
17258,16937,0.628993
27994,34951,0.628786
32633,32579,0.628606
10137,10469,0.628598
17462,18856,0.627974
13821,16285,0.627349
22072,24700,0.627040
13107,16481,0.626920
34469,27078,0.626888
26561,17449,0.626865
34539,30723,0.626850
34349,10689,0.626699
28598,34882,0.626634
33115,7438,0.626482
21763,4394,0.626333
17172,16757,0.626103
34971,33676,0.625969
22624,34543,0.625667
15192,23036,0.624937
27573,31894,0.624442
30121,28534,0.623818
14252,12470,0.622913
31574,17440,0.622834
21386,17361,0.622510
17462,16307,0.621744
29926,24117,0.621418
30126,27729,0.621349
20932,20905,0.620948
6722,34434,0.619978
26335,31436,0.619905
6722,27968,0.619670
18643,10693,0.619417
30579,2893,0.618947
13965,16560,0.618896
33360,33169,0.618634
32190,30611,0.618476
28606,26741,0.618410
30432,18469,0.618388
26378,11990,0.618071
30603,33487,0.617884
28200,16914,0.617621
26879,33296,0.617553
28598,15973,0.617540
29028,33516,0.617111
28963,34011,0.616288
26561,29639,0.616177
18643,19944,0.616160
29088,27561,0.615826
34744,27784,0.615571
26654,31231,0.615415
29986,33221,0.615390
29901,6021,0.615207
30121,17270,0.615044
28200,33845,0.614904
34657,26742,0.614846
34744,33658,0.614677
26879,35012,0.613700
30579,35012,0.613599
30414,18505,0.612786
17372,17154,0.612751
33169,9782,0.612748
33169,9015,0.612748
31849,29901,0.612337
29028,34612,0.612277
29743,33327,0.612099
31033,22739,0.611027
32979,8862,0.609905
26660,27901,0.609310
30149,12531,0.608227
13821,19193,0.607593
20932,19209,0.607358
24582,33808,0.606971
34469,28366,0.606790
31849,26825,0.605997
34360,35098,0.605985
28260,28726,0.605555
33333,21680,0.602628
30174,32038,0.602496
23143,11647,0.602385
6021,9419,0.602383
6022,9419,0.602383
26654,34479,0.602002
28260,28499,0.601363
17777,6853,0.601217
21761,7256,0.600431
28358,10674,0.600064
30149,25693,0.599597
33333,19263,0.599359
30273,23100,0.598586
34971,17474,0.598564
30174,33757,0.598269
17777,3914,0.597889
21761,995,0.597712
30603,27065,0.597695
28606,27365,0.596232
2885,24460,0.595823
30318,32839,0.595154
26660,28357,0.595018
30431,17291,0.594762
6022,25951,0.593752
6021,25951,0.593752
30272,6479,0.593075
21763,3121,0.591761
31033,23611,0.591233
21386,16917,0.590775
13021,32625,0.590377
29768,17485,0.589800
2885,24075,0.589042
31595,2326,0.587962
21710,1775,0.587772
29768,34980,0.587594
34575,27335,0.587342
34360,30340,0.587262
26638,11014,0.585357
34575,18169,0.585300
26638,18404,0.584867
21710,7915,0.583131
11125,15091,0.581215
30272,33182,0.579829
28959,16855,0.578716
32763,17463,0.577420
28959,33835,0.577356
31595,29490,0.574458
20783,6425,0.571516
30318,2561,0.571320
26546,31195,0.567308
27258,28337,0.564395
31930,10201,0.564236
31930,9782,0.564236
11137,2659,0.563604
20783,8355,0.563240
11125,32176,0.558847
13021,15859,0.558785
32763,25158,0.557703
16506,32167,0.391650
16506,32753,0.373468
